round,slice,frame,object_ref,cell,what,why,severity,owner,rule_id,evidence,action,rules_version,note
calib,C0,adasind_019560.jpg,L7,na,SPURIOUS,E1_annotator_error,P1,annotator,R01,"compare.html: L7 Bike trung voi L2 Bike, reference chi co R1 cho nguoi + xe dap",rework,v1.0.0,Box trung; kiem danh sach Objects de tranh DUPLICATE
calib,C0,adasind_019560.jpg,L6,na,BOX_GEOMETRY,E1_annotator_error,P2,annotator,R02,L6 ThreeWheeler x336-427 vs R5 x327-457; box hut 40px phai,keep_with_reason,v1.0.0,Van matched; lam ro rule box vat bi che
calib,C0,adasind_019560.jpg,L1,na,BOX_GEOMETRY,E1_annotator_error,P2,annotator,R02,L1 Bike xe dap rong 104px vs R4 78px; box long 26px,keep_with_reason,v1.0.0,Vat nho sat mai hien; zoom khi ve vat nho
r2_qa,B1-center,adasind_006840.jpg,L8,L_only,MISSING,,P1,annotator,R03,qa_overlay.html: L8 ThreeWheeler chua co box nguoi lai,rework,v1.0.0,Kiem lai R03
r2_qa,B1-center,adasind_036720.jpg,missing_cars,L_only,MISSING,,P1,annotator,R01,qa_overlay.html: xe Car phia xa chua co box,rework,v1.0.0,Kiem nguong H>=40 R01
r2_qa,B1-center,adasind_056040.jpg,missing_bike,L_only,MISSING,,P1,annotator,R09,qa_overlay.html: thieu box nguoi di xe may goc duoi trai,rework,v1.0.0,Kiem ignore_region R09
r1_craft,B1-center,adasind_006840.jpg,L2+R4,na,WRONG_CLASS,E1_annotator_error,P1,annotator,R04,compare.html: L2 sai class so voi R4,rework,v1.0.0,Xem lai R04 anh xa phuong tien
r1_craft,B1-center,adasind_006840.jpg,R7,na,MISSING,E1_annotator_error,P1,annotator,R01,compare.html: R7 co trong reference L bo sot,rework,v1.0.0,Bo sot vat trong pham vi
r1_craft,B1-center,adasind_056040.jpg,L5+R5,na,ATTRIBUTE,E1_annotator_error,P2,annotator,R05,L5 va R5 khac attribute truncated; vat bi vong kinh cat,keep_with_reason,v1.0.0,Attribute khong doi class; nhat quan hon R05
r1_craft,B1-center,adasind_056040.jpg,L1+R2,na,ATTRIBUTE,E1_annotator_error,P2,annotator,R05,L1 va R2 khac attribute truncated; selfqc da canh bao,keep_with_reason,v1.0.0,Attribute khong doi class; soat R05 vung rim
r3_diag,B1-center,adasind_006840.jpg,L8+R1,LR_noM,MISSING,E1_annotator_error,P1,annotator,R01,L va R thay M bo; model khong nhan dang fisheye center,rework,v1.0.0,Annotator giu nhan theo reference
r3_diag,B1-center,adasind_006840.jpg,L1+R6,LR_noM,MISSING,E1_annotator_error,P1,annotator,R01,L va R thay M bo; vat nho me o rim vong kinh,keep_with_reason,v1.0.0,L da co nhan matched R; model domain shift
r3_diag,B1-center,adasind_006840.jpg,L2+M12,LM_noR,SPURIOUS,E0_reference_defect,P2,annotator,R01,L va M thay R khong co; reference co the thieu,keep_with_reason,v1.0.0,Can Lab Coach xac nhan reference
r3_diag,B1-center,adasind_006840.jpg,R4,R_only,MISSING,E1_annotator_error,P1,annotator,R01,R4 chi co reference L bo sot; vat trong pham vi chua nhan,rework,v1.0.0,Bo sot vat; soat lai 006840
r3_diag,B1-center,adasind_006840.jpg,R7,R_only,MISSING,E1_annotator_error,P1,annotator,R01,R7 chi reference L bo sot; trung phat hien r1_craft,rework,v1.0.0,Xac nhan cung ca voi r1_craft R7
r3_diag,B1-center,adasind_006840.jpg,M3,M_only,SPURIOUS,E4_model_domain,P3,annotator,R01,M3 chi model; false positive fisheye center,keep_with_reason,v1.0.0,Gia thuyet E4
r3_diag,B1-center,adasind_006840.jpg,M6,M_only,SPURIOUS,E4_model_domain,P3,annotator,R01,M6 chi model; false positive rim fisheye,keep_with_reason,v1.0.0,Gia thuyet E4
r3_diag,B1-center,adasind_006840.jpg,M8,M_only,SPURIOUS,E4_model_domain,P3,annotator,R01,M8 chi model; false positive fisheye,keep_with_reason,v1.0.0,Gia thuyet E4
r3_diag,B1-center,adasind_006840.jpg,M9,M_only,SPURIOUS,E4_model_domain,P3,annotator,R01,M9 chi model; false positive fisheye,keep_with_reason,v1.0.0,Gia thuyet E4
r3_diag,B1-center,adasind_006840.jpg,M10,M_only,SPURIOUS,E4_model_domain,P3,annotator,R01,M10 chi model; false positive fisheye,keep_with_reason,v1.0.0,Gia thuyet E4
r3_diag,B1-center,adasind_006840.jpg,M13,M_only,SPURIOUS,E4_model_domain,P3,annotator,R01,M13 chi model; false positive fisheye,keep_with_reason,v1.0.0,Gia thuyet E4
r3_diag,B1-center,adasind_036720.jpg,L4+R1,LR_noM,MISSING,E1_annotator_error,P1,annotator,R01,L4 va R1 matched M bo; xe Car vung mid model khong nhan,keep_with_reason,v1.0.0,L da co nhan; model domain shift
r3_diag,B1-center,adasind_036720.jpg,L3+R3,LR_noM,MISSING,E1_annotator_error,P1,annotator,R01,L3 va R3 matched M bo; vat vung mid,keep_with_reason,v1.0.0,L da co nhan; model domain shift
r3_diag,B1-center,adasind_036720.jpg,L2+R4,LR_noM,MISSING,E1_annotator_error,P1,annotator,R01,L2 va R4 matched M bo; vat vung mid,keep_with_reason,v1.0.0,L da co nhan; model domain shift
r3_diag,B1-center,adasind_036720.jpg,M1,M_only,SPURIOUS,E4_model_domain,P3,annotator,R01,M1 chi model; false positive fisheye mid,keep_with_reason,v1.0.0,Gia thuyet E4
r3_diag,B1-center,adasind_036720.jpg,M2,M_only,SPURIOUS,E4_model_domain,P3,annotator,R01,M2 chi model; false positive fisheye,keep_with_reason,v1.0.0,Gia thuyet E4
r3_diag,B1-center,adasind_036720.jpg,M4,M_only,SPURIOUS,E4_model_domain,P3,annotator,R01,M4 chi model; false positive fisheye,keep_with_reason,v1.0.0,Gia thuyet E4
r3_diag,B1-center,adasind_036720.jpg,M6,M_only,SPURIOUS,E4_model_domain,P3,annotator,R01,M6 chi model; false positive fisheye,keep_with_reason,v1.0.0,Gia thuyet E4
r3_diag,B1-center,adasind_056040.jpg,L5+R5,LR_noM,MISSING,E1_annotator_error,P1,annotator,R01,L5 va R5 matched M bo; vat vung mid 056040,keep_with_reason,v1.0.0,L da co nhan; model domain shift
r3_diag,B1-center,adasind_056040.jpg,L4+R4,LR_noM,MISSING,E1_annotator_error,P1,annotator,R01,L4 va R4 matched M bo; vat vung mid,keep_with_reason,v1.0.0,L da co nhan; model domain shift
r3_diag,B1-center,adasind_056040.jpg,L1+R2,LR_noM,MISSING,E1_annotator_error,P2,annotator,R05,L1 va R2 matched khac attribute truncated M bo,keep_with_reason,v1.0.0,Attribute issue da ghi r1_craft; model khong anh huong nhan
r3_diag,B1-center,adasind_056040.jpg,M2,M_only,SPURIOUS,E4_model_domain,P3,annotator,R01,M2 chi model; false positive fisheye 056040,keep_with_reason,v1.0.0,Gia thuyet E4
r3_diag,B1-center,adasind_056040.jpg,M3,M_only,SPURIOUS,E4_model_domain,P3,annotator,R01,M3 chi model; false positive,keep_with_reason,v1.0.0,Gia thuyet E4
r3_diag,B1-center,adasind_056040.jpg,M4,M_only,SPURIOUS,E4_model_domain,P3,annotator,R01,M4 chi model; false positive,keep_with_reason,v1.0.0,Gia thuyet E4
r3_diag,B1-center,adasind_056040.jpg,M5,M_only,SPURIOUS,E4_model_domain,P3,annotator,R01,M5 chi model; false positive,keep_with_reason,v1.0.0,Gia thuyet E4
r3_diag,B1-center,adasind_056040.jpg,M9,M_only,SPURIOUS,E4_model_domain,P3,annotator,R01,M9 chi model; false positive,keep_with_reason,v1.0.0,Gia thuyet E4
r3_diag,B1-center,adasind_056040.jpg,M11,M_only,SPURIOUS,E4_model_domain,P3,annotator,R01,M11 chi model; false positive,keep_with_reason,v1.0.0,Gia thuyet E4
